{
    "individual_evaluations": {
        "logistic_regression": {
            "model_name": "logistic_regression",
            "threshold": 0.5619,
            "train_metrics": {
                "accuracy": 0.7686009255962977,
                "precision": 0.5451895043731778,
                "recall": 0.7550471063257066,
                "f1_score": 0.6331828442437923,
                "confusion_matrix": {
                    "tn": 3196,
                    "fp": 936,
                    "fn": 364,
                    "tp": 1122
                },
                "specificity": 0.7734753146176185,
                "sensitivity": 0.7550471063257066,
                "roc_auc": 0.8441958765841628,
                "classification_report": {
                    "0": {
                        "precision": 0.8977528089887641,
                        "recall": 0.7734753146176185,
                        "f1-score": 0.8309932397295893,
                        "support": 4132.0
                    },
                    "1": {
                        "precision": 0.5451895043731778,
                        "recall": 0.7550471063257066,
                        "f1-score": 0.6331828442437923,
                        "support": 1486.0
                    },
                    "accuracy": 0.7686009255962977,
                    "macro avg": {
                        "precision": 0.721471156680971,
                        "recall": 0.7642612104716626,
                        "f1-score": 0.7320880419866909,
                        "support": 5618.0
                    },
                    "weighted avg": {
                        "precision": 0.8044973674332707,
                        "recall": 0.7686009255962977,
                        "f1-score": 0.7786710169293233,
                        "support": 5618.0
                    }
                }
            },
            "test_metrics": {
                "accuracy": 0.7842441447835344,
                "precision": 0.5667311411992263,
                "recall": 0.7855227882037533,
                "f1_score": 0.6584269662921348,
                "confusion_matrix": {
                    "tn": 812,
                    "fp": 224,
                    "fn": 80,
                    "tp": 293
                },
                "specificity": 0.7837837837837838,
                "sensitivity": 0.7855227882037533,
                "roc_auc": 0.8620221619551377,
                "classification_report": {
                    "0": {
                        "precision": 0.9103139013452914,
                        "recall": 0.7837837837837838,
                        "f1-score": 0.8423236514522822,
                        "support": 1036.0
                    },
                    "1": {
                        "precision": 0.5667311411992263,
                        "recall": 0.7855227882037533,
                        "f1-score": 0.6584269662921348,
                        "support": 373.0
                    },
                    "accuracy": 0.7842441447835344,
                    "macro avg": {
                        "precision": 0.7385225212722588,
                        "recall": 0.7846532859937685,
                        "f1-score": 0.7503753088722085,
                        "support": 1409.0
                    },
                    "weighted avg": {
                        "precision": 0.819358351640194,
                        "recall": 0.7842441447835344,
                        "f1-score": 0.7936412784467926,
                        "support": 1409.0
                    }
                }
            },
            "meets_requirements": true
        },
        "random_forest": {
            "model_name": "random_forest",
            "threshold": 0.481,
            "train_metrics": {
                "accuracy": 0.8289426842292631,
                "precision": 0.6239962210675484,
                "recall": 0.8889636608344549,
                "f1_score": 0.7332778240355259,
                "confusion_matrix": {
                    "tn": 3336,
                    "fp": 796,
                    "fn": 165,
                    "tp": 1321
                },
                "specificity": 0.8073572120038722,
                "sensitivity": 0.8889636608344549,
                "roc_auc": 0.9263920502293753,
                "classification_report": {
                    "0": {
                        "precision": 0.9528706083976007,
                        "recall": 0.8073572120038722,
                        "f1-score": 0.8740993056465348,
                        "support": 4132.0
                    },
                    "1": {
                        "precision": 0.6239962210675484,
                        "recall": 0.8889636608344549,
                        "f1-score": 0.7332778240355259,
                        "support": 1486.0
                    },
                    "accuracy": 0.8289426842292631,
                    "macro avg": {
                        "precision": 0.7884334147325746,
                        "recall": 0.8481604364191635,
                        "f1-score": 0.8036885648410304,
                        "support": 5618.0
                    },
                    "weighted avg": {
                        "precision": 0.8658810499119372,
                        "recall": 0.8289426842292631,
                        "f1-score": 0.836851046181608,
                        "support": 5618.0
                    }
                }
            },
            "test_metrics": {
                "accuracy": 0.78708303761533,
                "precision": 0.5682242990654206,
                "recall": 0.8150134048257373,
                "f1_score": 0.6696035242290749,
                "confusion_matrix": {
                    "tn": 805,
                    "fp": 231,
                    "fn": 69,
                    "tp": 304
                },
                "specificity": 0.777027027027027,
                "sensitivity": 0.8150134048257373,
                "roc_auc": 0.8643447162213919,
                "classification_report": {
                    "0": {
                        "precision": 0.9210526315789473,
                        "recall": 0.777027027027027,
                        "f1-score": 0.8429319371727748,
                        "support": 1036.0
                    },
                    "1": {
                        "precision": 0.5682242990654206,
                        "recall": 0.8150134048257373,
                        "f1-score": 0.6696035242290749,
                        "support": 373.0
                    },
                    "accuracy": 0.78708303761533,
                    "macro avg": {
                        "precision": 0.744638465322184,
                        "recall": 0.7960202159263821,
                        "f1-score": 0.7562677307009249,
                        "support": 1409.0
                    },
                    "weighted avg": {
                        "precision": 0.8276495314884253,
                        "recall": 0.78708303761533,
                        "f1-score": 0.7970472685936407,
                        "support": 1409.0
                    }
                }
            },
            "meets_requirements": true
        },
        "xgboost": {
            "model_name": "xgboost",
            "threshold": 0.5699,
            "train_metrics": {
                "accuracy": 0.8705945176219295,
                "precision": 0.6990036706869428,
                "recall": 0.8970390309555855,
                "f1_score": 0.7857353374594753,
                "confusion_matrix": {
                    "tn": 3558,
                    "fp": 574,
                    "fn": 153,
                    "tp": 1333
                },